ID,Usia,Status,Kelamin,Memiliki_Mobil,Penghasilan,Beli_Mobil,Kluster_Beli_Mobil
1,32.0,1,0,0.0,240.0,1,0
2,49.0,2,1,1.0,100.0,0,1
3,52.0,1,0,2.0,250.0,1,0
4,26.0,2,1,1.0,130.0,0,1
5,45.0,3,0,2.0,237.0,1,0
6,39.0,2,0,1.0,280.0,1,0
7,38.0,2,1,0.0,150.0,0,1
8,29.0,1,1,0.0,143.0,0,1
9,30.0,2,0,0.0,200.0,1,0
10,51.0,1,1,0.0,174.0,0,1
11,28.0,1,0,0.0,200.0,1,0
12,25.0,0,1,0.0,147.0,0,1
13,52.0,2,1,2.0,200.0,1,0
14,34.0,3,1,1.0,196.0,1,0
15,27.0,2,1,0.0,120.0,0,1
16,49.0,2,0,1.0,230.0,1,0
17,42.0,2,0,1.0,350.0,1,0
18,26.0,0,0,0.0,172.0,0,1
19,33.0,1,0,0.0,160.0,1,0
20,53.0,2,0,1.0,260.0,1,0
21,50.0,1,1,0.0,174.0,0,1
22,49.0,3,1,1.0,260.0,1,0
23,40.0,2,1,0.0,238.0,0,1
24,44.0,2,0,1.0,400.0,1,0
25,35.0,1,0,1.0,158.0,0,1
26,41.0,1,0,1.0,236.0,1,0
27,48.0,1,1,1.0,202.0,0,1
28,50.0,2,1,0.0,140.0,0,1
29,51.0,1,0,0.0,165.0,0,1
30,35.0,2,0,0.0,280.0,1,0
31,30.0,2,1,0.0,224.0,0,1
32,37.0,2,1,1.0,203.0,0,1
33,31.0,1,0,1.0,194.0,1,0
34,52.0,2,0,1.0,280.0,1,0
35,33.0,2,1,1.0,220.0,0,1
36,47.0,2,1,1.0,240.0,0,1
37,26.0,1,0,0.0,125.0,0,1
38,33.0,0,0,0.0,162.0,0,1
39,27.0,0,1,0.0,120.0,0,1
40,33.0,2,1,1.0,238.0,1,0
41,50.0,1,0,1.0,270.0,1,0
42,24.0,0,1,0.0,95.0,0,1
43,31.0,2,1,0.0,187.0,0,1
44,44.0,1,0,2.0,250.0,1,0
45,42.0,2,1,1.0,235.0,0,1
46,35.0,2,0,0.0,122.0,0,1
47,26.0,0,1,1.0,172.0,0,1
48,53.0,0,0,1.0,339.0,1,0
49,49.0,1,1,2.0,199.0,0,1
50,34.0,1,1,0.0,175.0,0,1
51,49.0,1,1,1.0,203.0,0,1
52,31.0,2,0,1.0,261.0,1,0
53,27.0,2,1,0.0,139.0,0,1
54,29.0,0,0,0.0,195.0,1,0
55,40.0,3,0,1.0,270.0,1,0
56,59.0,2,0,2.0,300.0,1,0
57,31.0,3,1,1.0,233.0,0,1
58,51.0,3,1,1.0,165.0,0,1
59,26.0,0,1,1.0,139.0,0,1
60,32.0,1,0,1.0,216.0,1,0
61,52.0,1,1,0.0,172.0,0,1
62,27.0,0,0,0.0,122.0,0,1
63,64.0,2,0,1.0,179.0,0,1
64,30.0,2,0,0.0,186.0,1,0
65,28.0,2,1,0.0,95.0,0,1
66,49.0,2,0,1.0,297.0,1,0
67,59.0,2,1,2.0,103.0,0,1
68,61.0,2,0,0.952,390.0,1,0
69,25.0,0,1,2.0,98.0,0,1
70,61.0,2,1,1.0,190.0,0,1
71,33.0,2,1,2.0,135.0,0,1
72,37.0,2,1,1.0,250.0,0,1
73,44.0,2,0,3.0,322.0,1,0
74,32.0,2,1,2.0,159.0,0,1
75,45.0,3,1,1.0,300.0,1,0
76,35.0,2,0,1.0,300.0,1,0
77,29.0,2,1,2.0,161.0,0,1
78,50.0,2,0,2.0,301.0,1,0
79,54.0,2,1,3.0,450.0,0,1
80,30.0,2,0,1.0,223.0,1,0
81,31.0,2,0,0.0,339.0,1,0
82,26.0,0,0,0.0,190.0,1,0
83,25.0,0,0,0.0,102.0,0,1
84,28.0,1,0,0.0,190.0,1,0
85,31.0,2,1,1.0,136.0,0,1
86,48.0,2,0,1.0,288.0,1,0
87,37.0,2,1,1.0,170.0,0,1
88,30.0,0,0,1.0,290.0,1,0
89,45.0,3,0,1.0,377.0,1,0
90,42.0,2,1,2.0,200.0,0,1
91,27.0,0,1,0.0,133.0,0,1
92,24.0,0,1,0.0,129.0,0,1
93,36.0,1,0,1.0,324.0,1,0
94,46.0,2,1,1.0,207.0,0,1
95,33.0,2,0,0.0,193.0,1,0
96,45.0,3,0,1.0,220.0,1,0
97,25.0,1,0,0.0,98.0,0,1
98,49.0,1,0,1.0,277.0,1,0
99,51.0,3,0,0.0,186.0,0,1
100,50.0,1,1,0.0,172.0,0,1
101,35.0,2,0,1.0,222.0,1,0
102,30.0,2,0,0.0,236.0,1,0
103,31.0,1,1,1.0,165.0,0,1
104,42.0,1,1,1.0,173.0,0,1
105,37.0,2,1,1.0,169.0,0,1
106,26.0,3,1,1.0,172.0,0,1
107,51.0,2,0,1.0,251.0,1,0
108,32.0,1,1,2.0,161.0,0,1
109,27.0,2,1,2.0,128.0,0,1
110,29.0,2,1,1.0,146.0,0,1
111,43.0,2,1,1.0,173.0,0,1
112,28.0,3,0,0.0,220.0,1,0
113,34.0,2,1,0.0,177.0,0,1
114,42.0,3,0,1.0,233.0,1,0
115,48.0,2,0,1.0,248.0,1,0
116,31.0,1,0,0.0,168.0,0,1
117,30.0,1,1,0.0,172.0,0,1
118,32.0,0,1,1.0,137.0,0,1
119,38.0,1,1,1.0,169.0,0,1
120,34.0,1,0,1.0,198.0,1,0
121,43.0,3,0,2.0,225.0,1,0
122,46.0,0,1,1.0,137.0,0,1
123,43.0,2,1,2.0,178.0,0,1
124,33.0,2,0,1.0,239.0,1,0
125,51.0,3,1,1.0,224.0,0,1
126,53.0,1,0,2.0,181.0,1,0
127,42.0,1,0,1.0,172.0,1,0
128,28.0,1,0,0.0,172.0,0,1
129,31.0,2,0,1.0,198.0,1,0
130,27.0,2,0,2.0,220.0,1,0
131,28.0,1,1,1.0,169.0,0,1
132,55.0,1,1,1.0,173.0,0,1
133,41.0,3,0,1.0,222.0,1,0
134,48.0,1,0,1.0,300.0,1,0
135,29.0,1,0,0.0,172.0,0,1
136,55.0,3,0,3.0,490.0,1,0
137,43.0,2,1,1.0,236.0,0,1
138,42.0,3,0,0.0,300.0,1,0
139,41.0,3,1,1.0,431.0,1,0
140,35.0,2,1,1.0,163.0,0,1
141,32.0,1,1,1.0,172.0,0,1
142,33.0,1,1,1.0,206.0,0,1
143,42.0,2,1,1.0,240.0,0,1
144,50.0,1,0,0.0,132.0,0,1
145,42.0,1,0,0.0,204.0,1,0
146,30.0,1,1,0.0,200.0,0,1
147,27.0,2,1,0.0,172.0,0,1
148,24.0,1,1,0.0,166.0,0,1
149,36.0,2,0,1.0,320.0,1,0
150,29.0,0,1,0.0,141.0,0,1
151,28.0,2,0,2.0,220.0,1,0
152,28.0,1,1,1.0,169.0,0,1
153,40.0,1,0,1.0,300.0,1,0
154,31.0,3,1,1.0,198.0,0,1
155,32.0,1,0,2.0,350.0,1,0
156,39.0,1,0,1.0,289.0,1,0
157,62.0,2,0,1.0,460.0,1,0
158,43.0,2,1,1.0,236.0,0,1
159,30.0,3,0,0.0,280.0,1,0
160,41.0,2,0,1.0,431.0,1,0
161,35.0,2,1,1.0,163.0,0,1
162,49.0,1,1,1.0,172.0,0,1
163,33.0,1,0,1.0,206.0,1,0
164,38.0,2,1,1.0,240.0,0,1
165,24.0,1,0,0.0,132.0,0,1
166,27.0,1,0,0.0,204.0,1,0
167,30.0,1,1,0.0,200.0,0,1
168,27.0,2,0,0.0,172.0,0,1
169,34.0,1,0,0.0,266.0,1,0
170,38.0,2,1,1.0,220.0,0,1
171,29.0,0,1,0.0,141.0,0,1
172,39.0,2,1,1.0,155.0,0,1
173,31.0,1,1,1.0,177.0,0,1
174,28.0,1,0,0.0,250.0,1,0
175,55.0,2,1,1.0,240.0,0,1
176,24.0,1,0,0.0,132.0,0,1
177,27.0,1,0,0.0,200.0,1,0
178,31.0,1,1,0.0,190.0,0,1
179,29.0,2,0,0.0,172.0,0,1
180,44.0,1,0,0.0,250.0,1,0
181,38.0,2,1,1.0,220.0,0,1
182,45.0,0,0,0.0,190.0,1,0
183,39.0,2,0,1.0,390.0,1,0
184,54.0,2,0,3.0,400.0,1,0
185,29.0,0,0,0.0,130.0,0,1
186,31.0,1,0,0.0,240.0,1,0
187,41.0,2,0,1.0,290.0,1,0
188,52.0,3,0,1.0,400.0,1,0
189,60.0,0,1,1.0,190.0,0,1
190,25.0,0,0,0.0,125.0,0,1
191,31.0,0,1,0.0,190.0,0,1
192,38.0,2,0,1.0,305.0,1,0
193,37.0,2,0,1.0,290.0,1,0
194,28.0,0,0,0.0,195.0,1,0
195,46.0,1,0,1.0,250.0,1,0
196,42.0,2,0,1.0,290.0,1,0
197,40.0,1,0,0.0,240.0,1,0
198,30.0,0,0,1.0,190.0,1,0
199,28.0,0,0,0.0,170.0,0,1
200,35.0,1,1,0.0,190.0,0,1
201,43.532,0,0,0.0,100.0,0,1
202,37.0,1,1,1.0,240.0,1,0
203,42.0,2,0,1.0,250.0,1,0
204,26.0,2,0,1.0,125.0,0,1
205,31.0,2,0,1.0,180.0,0,1
206,39.0,2,0,0.0,198.0,0,1
207,52.0,2,1,1.0,400.0,1,0
208,49.0,2,1,1.0,250.0,0,1
209,44.0,2,0,1.0,290.0,1,0
210,45.0,2,0,0.0,200.0,0,1
211,36.0,2,1,1.0,250.0,0,1
212,31.0,1,0,1.0,220.0,0,1
213,32.0,0,1,0.0,180.0,1,0
214,28.0,0,0,0.0,150.0,0,1
215,30.0,1,1,0.0,100.0,0,1
216,50.0,3,1,1.0,340.0,1,0
217,41.0,1,1,0.0,280.0,0,1
218,48.0,0,1,0.0,390.0,0,1
219,28.0,0,0,1.0,180.0,0,1
220,49.0,1,0,1.0,270.0,1,0
221,31.0,0,0,0.0,200.0,0,1
222,38.0,1,1,0.0,250.0,1,0
223,35.0,2,0,1.0,300.0,1,0
224,26.0,0,1,0.0,400.0,1,0
225,28.0,0,1,0.0,120.0,0,1
226,40.0,1,0,0.0,190.0,0,1
227,50.0,2,1,2.0,450.0,1,0
228,43.532,2,1,0.0,100.0,0,1
229,34.0,2,0,1.0,215.0,0,1
230,46.0,2,0,2.0,400.0,1,0
231,39.0,2,0,1.0,300.0,1,0
232,33.0,3,1,0.0,200.0,0,1
233,43.0,2,0,1.0,290.0,0,1
234,46.0,3,1,2.0,350.0,1,0
235,42.0,0,0,0.0,190.0,0,1
236,44.0,1,1,1.0,250.0,1,0
237,39.0,3,1,0.0,190.0,0,1
238,29.0,0,0,1.0,230.0,1,0
239,24.0,0,0,0.0,150.0,0,1
240,26.0,0,0,0.0,170.0,0,1
241,35.0,1,0,1.0,260.0,1,0
242,59.0,3,0,2.0,450.0,1,0
243,54.0,2,1,3.0,420.0,1,0
244,52.0,2,1,2.0,200.0,0,1
245,25.0,1,0,0.0,160.0,0,1
246,34.0,0,1,1.0,200.0,1,0
247,40.0,1,1,1.0,200.0,0,1
248,45.0,1,0,1.0,300.0,1,0
249,56.0,2,0,1.0,400.0,1,0
250,29.0,2,1,2.0,350.0,1,0
251,65.0,3,0,0.0,163.0,0,1
252,33.0,1,0,0.0,260.0,1,0
253,56.0,2,0,2.0,412.0,1,0
254,40.0,2,0,0.0,178.0,0,1
255,38.0,1,0,2.0,217.0,0,1
256,56.0,2,1,0.0,141.0,0,1
257,39.0,0,1,1.0,206.0,0,1
258,28.0,1,1,1.0,391.0,1,0
259,59.0,0,1,2.0,352.0,1,0
260,25.0,0,1,2.0,187.0,0,1
261,39.0,2,1,2.0,325.0,1,0
262,56.0,3,0,0.0,288.0,1,0
263,28.0,3,1,2.0,247.0,1,0
264,39.0,1,1,2.0,370.0,1,0
265,53.0,3,1,0.0,217.0,0,1
266,46.0,1,0,2.0,191.0,0,1
267,52.0,3,0,2.0,332.0,1,0
268,26.0,3,0,2.0,378.0,1,0
269,33.0,1,0,0.0,281.0,1,0
270,52.0,2,1,2.0,241.0,1,0
271,27.0,1,0,2.0,401.0,1,0
272,44.0,0,1,1.0,314.0,1,0
273,54.0,3,0,0.0,416.0,1,0
274,60.0,0,1,0.0,253.0,1,0
275,26.0,2,0,1.0,177.0,0,1
276,58.0,3,1,0.0,440.0,1,0
277,31.0,1,0,0.0,260.0,1,0
278,52.0,0,0,0.0,226.0,1,0
279,46.0,2,0,2.0,316.0,1,0
280,54.0,2,1,1.0,358.0,1,0
281,25.0,1,0,1.0,249.0,1,0
282,28.0,0,1,0.0,447.0,1,0
283,32.0,1,0,1.0,395.0,1,0
284,43.0,0,1,2.0,197.0,0,1
285,61.0,3,0,2.0,242.0,1,0
286,64.0,2,0,1.0,284.0,1,0
287,28.0,2,1,1.0,427.0,1,0
288,38.0,0,1,0.0,173.0,0,1
289,40.0,0,0,0.0,394.0,1,0
290,51.0,1,0,2.0,308.0,1,0
291,55.0,1,1,1.0,153.0,0,1
292,53.0,2,1,0.0,288.0,1,0
293,30.0,3,0,2.0,377.0,1,0
294,58.0,0,1,0.0,345.0,1,0
295,43.0,1,1,2.0,152.0,0,1
296,55.0,0,1,2.0,270.09,0,1
297,47.0,3,1,1.0,400.0,1,0
298,33.0,0,1,1.0,183.0,0,1
299,25.0,2,0,0.0,332.0,1,0
300,51.0,0,1,1.0,324.0,1,0
301,57.0,2,0,1.0,227.0,1,0
302,46.0,2,0,2.0,309.0,1,0
303,27.0,0,0,1.0,338.0,1,0
304,59.0,3,0,1.0,157.0,0,1
305,54.0,1,1,0.0,448.0,1,0
306,44.0,1,1,2.0,261.0,1,0
307,29.0,0,1,0.0,412.0,1,0
308,54.0,3,0,2.0,247.0,1,0
309,35.0,3,1,2.0,174.0,0,1
310,28.0,2,0,1.0,428.0,1,0
311,64.0,3,0,1.0,307.0,1,0
312,60.0,3,0,2.0,328.0,1,0
313,29.0,1,0,0.0,249.0,1,0
314,47.0,3,1,1.0,396.0,1,0
315,60.0,3,0,1.0,276.0,1,0
316,38.0,3,1,1.0,200.0,0,1
317,55.0,2,0,2.0,205.0,0,1
318,34.0,1,0,1.0,318.0,1,0
319,27.0,0,0,1.0,178.0,0,1
320,59.0,1,0,0.0,141.0,0,1
321,33.0,1,0,1.0,370.0,1,0
322,64.0,3,0,1.0,427.0,1,0
323,44.0,2,0,1.0,128.0,0,1
324,49.0,2,1,1.0,247.0,1,0
325,53.0,2,1,2.0,439.0,1,0
326,61.0,3,0,2.0,398.0,1,0
327,30.0,1,0,0.0,198.0,0,1
328,52.0,2,1,1.0,432.0,1,0
329,38.0,0,1,1.0,375.0,1,0
330,44.0,3,0,0.0,182.0,0,1
331,45.0,1,0,2.0,415.0,1,0
332,45.0,1,1,1.0,148.0,0,1
333,46.0,0,1,0.0,368.0,1,0
334,49.0,2,1,2.0,231.0,1,0
335,32.0,1,0,2.0,265.0,1,0
336,24.0,0,1,1.0,188.0,0,1
337,59.0,1,1,1.0,158.0,0,1
338,59.0,2,1,1.0,219.0,0,1
339,48.0,0,1,1.0,212.0,0,1
340,54.0,2,1,0.0,375.0,1,0
341,39.0,3,1,1.0,219.0,0,1
342,59.0,1,0,2.0,191.0,0,1
343,38.0,2,0,2.0,450.0,1,0
344,65.0,1,1,0.0,183.0,0,1
345,58.0,0,0,1.0,265.0,1,0
346,25.0,0,0,2.0,416.0,1,0
347,62.0,0,1,0.0,254.0,1,0
348,45.0,0,1,1.0,228.0,1,0
349,37.0,0,1,1.0,146.0,0,1
350,43.0,1,0,1.0,221.0,1,0
351,49.0,3,1,1.0,335.0,1,0
352,47.0,1,1,2.0,332.0,1,0
353,60.0,1,0,0.0,274.0,1,0
354,43.0,0,0,1.0,276.0,1,0
355,56.0,2,1,0.0,176.0,0,1
356,43.0,2,0,0.0,316.0,1,0
357,56.0,1,0,2.0,161.0,0,1
358,65.0,1,1,2.0,227.0,1,0
359,44.0,2,0,1.0,315.0,1,0
360,60.0,2,1,2.0,359.0,1,0
361,61.0,0,1,1.0,282.0,1,0
362,47.0,2,0,1.0,389.0,1,0
363,61.0,1,0,2.0,129.0,0,1
364,40.0,3,1,1.0,282.0,1,0
365,55.0,1,0,1.0,373.0,1,0
366,52.0,0,1,2.0,388.0,1,0
367,38.0,0,0,2.0,332.0,1,0
368,43.0,2,0,2.0,176.0,0,1
369,45.0,1,0,2.0,284.0,1,0
370,47.0,2,0,1.0,171.0,0,1
371,64.0,1,1,0.0,248.0,1,0
372,40.0,0,1,1.0,263.0,1,0
373,26.0,3,1,2.0,129.0,0,1
374,48.0,2,1,0.0,173.0,0,1
375,25.0,0,1,1.0,155.0,0,1
376,54.0,3,1,0.0,147.0,0,1
377,30.0,1,0,1.0,205.0,0,1
378,57.0,2,0,0.0,139.0,0,1
379,53.0,1,1,0.0,346.0,1,0
380,42.0,3,1,2.0,425.0,1,0
381,51.0,1,1,0.0,434.0,1,0
382,32.0,2,0,2.0,142.0,0,1
383,59.0,2,1,1.0,278.0,1,0
384,36.0,1,1,2.0,296.0,1,0
385,39.0,1,1,1.0,127.0,0,1
386,48.0,3,1,0.0,258.0,1,0
387,61.0,0,1,1.0,247.0,1,0
388,37.0,3,1,0.0,270.09,0,1
389,47.0,0,0,0.0,201.0,0,1
390,65.0,2,1,1.0,360.0,1,0
391,34.0,1,0,0.0,153.0,0,1
392,46.0,3,0,0.0,330.0,1,0
393,31.0,3,0,2.0,379.0,1,0
394,35.0,1,1,0.0,286.0,1,0
395,30.0,2,0,1.0,136.0,0,1
396,50.0,3,0,2.0,365.0,1,0
397,31.0,1,0,2.0,372.0,1,0
398,62.0,0,1,2.0,254.0,1,0
399,56.0,3,1,0.0,342.0,1,0
400,45.0,2,0,0.0,257.0,1,0
401,43.0,1,0,0.0,322.0,1,0
402,27.0,3,1,0.0,163.0,0,1
403,61.0,1,0,0.0,146.0,0,1
404,41.0,3,1,1.0,408.0,1,0
405,46.0,0,0,2.0,288.0,1,0
406,49.0,1,1,2.0,306.0,1,0
407,62.0,0,1,0.0,230.0,1,0
408,46.0,2,1,1.0,395.0,1,0
409,26.0,0,0,2.0,442.0,1,0
410,56.0,1,0,0.0,193.0,0,1
411,43.0,1,0,1.0,301.0,1,0
412,48.0,0,1,0.0,439.0,1,0
413,29.0,2,0,0.0,285.0,1,0
414,25.0,2,0,2.0,273.0,1,0
415,35.0,0,0,1.0,228.0,1,0
416,27.0,3,1,2.0,383.0,1,0
417,32.0,1,1,0.0,160.0,0,1
418,35.0,2,1,1.0,157.0,0,1
419,45.0,3,1,1.0,270.09,0,1
420,37.0,2,0,0.0,186.0,0,1
421,58.0,1,1,0.0,415.0,1,0
422,54.0,1,1,0.0,340.0,1,0
423,52.0,0,1,0.0,156.0,0,1
424,24.0,0,0,0.0,374.0,1,0
425,48.0,0,1,0.0,203.0,0,1
426,52.0,0,0,1.0,417.0,1,0
427,28.0,0,0,1.0,184.0,0,1
428,64.0,1,1,1.0,270.09,0,1
429,27.0,3,0,1.0,307.0,1,0
430,26.0,0,0,1.0,370.0,1,0
431,59.0,3,1,2.0,397.0,1,0
432,28.0,0,1,2.0,398.0,1,0
433,55.0,3,1,2.0,221.0,1,0
434,61.0,1,1,0.0,291.0,1,0
435,54.0,2,0,0.0,265.0,1,0
436,46.0,3,1,2.0,377.0,1,0
437,30.0,2,0,1.0,126.0,0,1
438,63.0,0,0,0.0,291.0,1,0
439,34.0,3,0,1.0,220.0,1,0
440,54.0,1,1,2.0,208.0,0,1
441,26.0,0,1,1.0,261.0,1,0
442,38.0,3,0,1.0,179.0,0,1
443,56.0,0,0,1.0,360.0,1,0
444,41.0,2,0,1.0,330.0,1,0
445,26.0,1,0,1.0,401.0,1,0
446,34.0,0,0,2.0,227.0,1,0
447,38.0,3,1,2.0,205.0,0,1
448,26.0,2,0,0.0,366.0,1,0
449,25.0,3,0,2.0,347.0,1,0
450,53.0,0,0,2.0,448.0,1,0
451,52.0,1,1,2.0,272.0,1,0
452,24.0,2,1,0.0,365.0,1,0
453,38.0,0,1,2.0,357.0,1,0
454,26.0,2,1,1.0,149.0,0,1
455,62.0,2,0,1.0,233.0,1,0
456,53.0,2,0,1.0,309.0,1,0
457,48.0,3,1,2.0,239.0,1,0
458,58.0,0,1,2.0,324.0,1,0
459,47.0,3,1,1.0,392.0,1,0
460,57.0,2,0,0.0,229.0,1,0
461,63.0,0,1,2.0,218.0,0,1
462,48.0,2,1,2.0,217.0,0,1
463,34.0,0,1,2.0,136.0,0,1
464,33.0,0,1,0.0,157.0,0,1
465,34.0,3,0,2.0,241.0,1,0
466,64.0,3,1,1.0,298.0,1,0
467,33.0,2,0,2.0,168.0,0,1
468,59.0,2,1,1.0,199.0,0,1
469,38.0,3,0,1.0,167.0,0,1
470,40.0,1,0,0.0,298.0,1,0
471,24.0,1,0,0.0,294.0,1,0
472,51.0,0,0,0.0,240.0,1,0
473,28.0,0,0,1.0,279.0,1,0
474,43.0,2,1,0.0,367.0,1,0
475,62.0,2,1,1.0,317.0,1,0
476,43.0,3,0,2.0,434.0,1,0
477,32.0,1,1,0.0,170.0,0,1
478,29.0,0,0,1.0,422.0,1,0
479,37.0,1,0,1.0,166.0,0,1
480,24.0,1,1,2.0,421.0,1,0
481,62.0,1,1,2.0,439.0,1,0
482,56.0,3,0,2.0,259.0,1,0
483,65.0,1,0,2.0,421.0,1,0
484,33.0,0,0,2.0,176.0,0,1
485,64.0,2,1,1.0,371.0,1,0
486,31.0,1,0,1.0,290.0,1,0
487,38.0,1,1,0.0,373.0,1,0
488,44.0,3,1,2.0,239.0,1,0
489,56.0,2,1,2.0,411.0,1,0
490,58.0,3,0,0.0,439.0,1,0
491,40.0,2,1,0.0,329.0,1,0
492,36.0,3,0,0.0,376.0,1,0
493,59.0,2,0,2.0,137.0,0,1
494,34.0,3,1,1.0,271.0,1,0
495,56.0,2,0,1.0,435.0,1,0
496,63.0,0,0,2.0,143.0,0,1
497,38.0,3,1,2.0,210.0,0,1
498,54.0,1,1,0.0,420.0,1,0
499,36.0,3,0,2.0,383.0,1,0
500,58.0,3,0,1.0,291.0,1,0
501,37.0,1,0,1.0,432.0,1,0
502,35.0,1,1,1.0,296.0,1,0
503,43.0,2,1,2.0,315.0,1,0
504,37.0,0,1,2.0,407.0,1,0
505,26.0,3,0,0.0,185.0,0,1
506,40.0,2,1,1.0,152.0,0,1
507,31.0,3,1,0.0,177.0,0,1
508,64.0,0,0,2.0,356.0,1,0
509,64.0,3,0,2.0,238.0,1,0
510,65.0,0,0,0.0,241.0,1,0
511,45.0,2,0,0.0,359.0,1,0
512,57.0,0,1,0.0,177.0,0,1
513,52.0,2,1,2.0,312.0,1,0
514,38.0,3,0,1.0,150.0,0,1
515,27.0,0,1,2.0,139.0,0,1
516,49.0,2,1,2.0,215.0,0,1
517,29.0,0,0,0.0,325.0,1,0
518,26.0,0,0,2.0,223.0,1,0
519,52.0,1,1,1.0,181.0,0,1
520,41.0,1,0,0.0,307.0,1,0
521,64.0,2,0,2.0,423.0,1,0
522,36.0,2,0,2.0,348.0,1,0
523,28.0,1,0,0.0,166.0,0,1
524,57.0,3,0,2.0,261.0,1,0
525,62.0,0,1,1.0,325.0,1,0
526,59.0,1,0,1.0,232.0,1,0
527,53.0,0,0,1.0,336.0,1,0
528,47.0,0,0,2.0,135.0,0,1
529,61.0,0,0,2.0,403.0,1,0
530,58.0,2,1,0.0,140.0,0,1
531,39.0,1,0,1.0,297.0,1,0
532,50.0,0,1,2.0,326.0,1,0
533,43.0,3,0,2.0,188.0,0,1
534,42.0,1,1,2.0,354.0,1,0
535,59.0,1,0,0.0,365.0,1,0
536,28.0,1,1,0.0,270.09,0,1
537,43.0,2,0,1.0,331.0,1,0
538,63.0,3,0,0.0,139.0,0,1
539,64.0,3,1,2.0,225.0,1,0
540,53.0,3,0,0.0,404.0,1,0
541,59.0,2,0,0.0,371.0,1,0
542,44.0,2,1,1.0,331.0,1,0
543,41.0,1,0,2.0,161.0,0,1
544,30.0,3,1,1.0,239.0,1,0
545,25.0,0,0,1.0,373.0,1,0
546,60.0,1,0,2.0,127.0,0,1
547,38.0,0,0,0.0,187.0,0,1
548,54.0,2,1,1.0,366.0,1,0
549,36.0,2,0,0.0,365.0,1,0
550,54.0,3,0,1.0,270.09,0,1
551,62.0,3,1,0.0,300.0,1,0
552,38.0,1,1,2.0,220.0,1,0
553,64.0,3,1,0.0,446.0,1,0
554,51.0,2,0,0.0,429.0,1,0
555,39.0,3,0,1.0,371.0,1,0
556,56.0,2,1,0.0,435.0,1,0
557,45.0,1,1,1.0,311.0,1,0
558,49.0,1,1,1.0,410.0,1,0
559,55.0,0,0,1.0,357.0,1,0
560,51.0,2,0,2.0,316.0,1,0
561,60.0,0,0,1.0,250.0,1,0
562,42.0,2,1,2.0,180.0,0,1
563,46.0,0,1,0.0,140.0,0,1
564,54.0,1,0,0.0,268.0,1,0
565,29.0,2,1,2.0,292.0,1,0
566,64.0,1,1,2.0,386.0,1,0
567,63.0,2,0,1.0,374.0,1,0
568,30.0,0,1,2.0,446.0,1,0
569,53.0,1,1,0.0,162.0,0,1
570,63.0,1,0,2.0,382.0,1,0
571,35.0,0,0,2.0,234.0,1,0
572,53.0,1,0,2.0,274.0,1,0
573,61.0,2,0,1.0,270.09,0,1
574,39.0,1,0,1.0,242.0,1,0
575,37.0,1,1,1.0,323.0,1,0
576,26.0,2,0,0.0,316.0,1,0
577,36.0,2,0,0.0,372.0,1,0
578,55.0,3,0,2.0,340.0,1,0
579,47.0,3,1,0.0,392.0,1,0
580,58.0,1,1,0.0,275.0,1,0
581,50.0,3,0,2.0,421.0,1,0
582,48.0,3,0,2.0,189.0,0,1
583,33.0,3,0,2.0,418.0,1,0
584,42.0,3,0,2.0,426.0,1,0
585,49.0,2,0,1.0,272.0,1,0
586,55.0,0,0,2.0,287.0,1,0
587,30.0,1,1,1.0,147.0,0,1
588,37.0,0,1,0.0,392.0,1,0
589,34.0,2,1,0.0,208.0,0,1
590,45.0,2,1,2.0,344.0,1,0
591,34.0,3,1,1.0,445.0,1,0
592,34.0,2,1,1.0,221.0,1,0
593,43.0,3,0,2.0,213.0,0,1
594,50.0,2,0,2.0,356.0,1,0
595,64.0,1,0,2.0,158.0,0,1
596,54.0,3,1,1.0,386.0,1,0
597,61.0,3,0,1.0,248.0,1,0
598,59.0,0,0,2.0,158.0,0,1
599,35.0,3,0,1.0,213.0,0,1
600,32.0,2,1,2.0,133.0,0,1
601,49.0,0,1,1.0,326.0,1,0
602,48.0,2,0,1.0,207.0,0,1
603,37.0,1,0,2.0,396.0,1,0
604,51.0,2,1,2.0,371.0,1,0
605,59.0,2,0,2.0,185.0,0,1
606,48.0,0,0,2.0,320.0,1,0
607,53.0,1,0,1.0,348.0,1,0
608,63.0,0,0,1.0,168.0,0,1
609,65.0,0,1,0.0,201.0,0,1
610,56.0,3,1,1.0,245.0,1,0
611,41.0,1,1,1.0,154.0,0,1
612,43.0,3,1,1.0,207.0,0,1
613,56.0,0,1,2.0,151.0,0,1
614,57.0,3,1,1.0,213.0,0,1
615,60.0,2,0,0.0,271.0,1,0
616,30.0,2,0,1.0,372.0,1,0
617,58.0,0,1,2.0,398.0,1,0
618,40.0,1,1,1.0,151.0,0,1
619,48.0,3,1,0.0,288.0,1,0
620,36.0,2,1,0.0,275.0,1,0
621,40.0,2,1,0.0,292.0,1,0
622,35.0,0,0,2.0,294.0,1,0
623,53.0,3,1,1.0,350.0,1,0
624,47.0,1,0,2.0,443.0,1,0
625,48.0,0,0,2.0,145.0,0,1
626,26.0,1,0,1.0,429.0,1,0
627,42.0,1,0,2.0,192.0,0,1
628,52.0,3,0,0.0,359.0,1,0
629,56.0,2,0,1.0,178.0,0,1
630,53.0,1,0,2.0,233.0,1,0
631,32.0,0,0,1.0,445.0,1,0
632,44.0,0,1,2.0,222.0,1,0
633,51.0,3,1,0.0,382.0,1,0
634,36.0,3,0,0.0,209.0,0,1
635,53.0,3,1,2.0,400.0,1,0
636,49.0,1,0,0.0,371.0,1,0
637,56.0,3,1,1.0,324.0,1,0
638,41.0,3,0,0.0,200.0,0,1
639,39.0,3,1,2.0,221.0,1,0
640,59.0,2,0,0.0,243.0,1,0
641,65.0,3,1,0.0,229.0,1,0
642,47.0,0,0,0.0,132.0,0,1
643,44.0,0,1,1.0,426.0,1,0
644,37.0,0,1,1.0,383.0,1,0
645,46.0,2,1,1.0,354.0,1,0
646,50.0,1,1,0.0,312.0,1,0
647,45.0,2,0,1.0,285.0,1,0
648,44.0,2,1,1.0,171.0,0,1
649,55.0,3,0,2.0,176.0,0,1
650,52.0,1,1,2.0,237.0,1,0
651,32.0,2,0,0.0,444.0,1,0
652,45.0,0,1,2.0,385.0,1,0
653,34.0,0,1,2.0,329.0,1,0
654,41.0,2,1,1.0,223.0,1,0
655,32.0,0,1,2.0,176.0,0,1
656,62.0,2,0,1.0,367.0,1,0
657,34.0,0,0,1.0,240.0,1,0
658,65.0,1,0,0.0,300.0,1,0
659,27.0,1,0,2.0,148.0,0,1
660,58.0,1,0,0.0,324.0,1,0
661,46.0,3,0,1.0,268.0,1,0
662,65.0,1,1,2.0,296.0,1,0
663,33.0,0,1,1.0,223.0,1,0
664,37.0,1,0,1.0,294.0,1,0
665,38.0,3,1,0.0,402.0,1,0
666,26.0,0,1,2.0,305.0,1,0
667,65.0,0,0,2.0,205.0,0,1
668,55.0,1,0,2.0,199.0,0,1
669,39.0,0,1,0.0,163.0,0,1
670,62.0,0,0,1.0,307.0,1,0
671,39.0,1,0,0.0,404.0,1,0
672,49.0,1,0,0.0,325.0,1,0
673,55.0,2,0,0.0,353.0,1,0
674,38.0,0,0,1.0,395.0,1,0
675,58.0,1,1,0.0,308.0,1,0
676,24.0,2,0,1.0,434.0,1,0
677,39.0,2,0,2.0,347.0,1,0
678,34.0,2,0,2.0,175.0,0,1
679,45.0,1,1,1.0,382.0,1,0
680,55.0,2,1,0.0,182.0,0,1
681,65.0,0,0,1.0,344.0,1,0
682,35.0,2,1,2.0,285.0,1,0
683,27.0,2,0,0.0,226.0,1,0
684,58.0,0,0,1.0,387.0,1,0
685,44.0,0,1,2.0,176.0,0,1
686,59.0,1,0,1.0,172.0,0,1
687,44.0,2,0,0.0,216.0,0,1
688,36.0,2,1,1.0,306.0,1,0
689,65.0,1,0,0.0,152.0,0,1
690,51.0,3,0,2.0,330.0,1,0
691,41.0,3,1,1.0,269.0,1,0
692,53.0,2,1,0.0,264.0,1,0
693,44.0,2,1,1.0,236.0,1,0
694,57.0,2,0,1.0,368.0,1,0
695,39.0,3,0,1.0,273.0,1,0
696,25.0,1,0,2.0,356.0,1,0
697,62.0,0,1,1.0,153.0,0,1
698,42.0,3,1,1.0,429.0,1,0
699,32.0,3,1,2.0,160.0,0,1
700,50.0,3,1,1.0,350.0,1,0
701,34.0,3,1,0.0,306.0,1,0
702,37.0,3,0,2.0,407.0,1,0
703,51.0,2,0,1.0,214.0,0,1
704,24.0,1,1,0.0,134.0,0,1
705,51.0,2,0,2.0,213.0,0,1
706,44.0,1,0,0.0,317.0,1,0
707,31.0,3,1,0.0,154.0,0,1
708,64.0,0,0,2.0,190.0,0,1
709,26.0,3,1,0.0,204.0,0,1
710,39.0,2,0,1.0,422.0,1,0
711,49.0,0,1,0.0,294.0,1,0
712,63.0,2,0,1.0,211.0,0,1
713,59.0,0,1,0.0,414.0,1,0
714,57.0,3,0,2.0,215.0,0,1
715,38.0,0,1,1.0,290.0,1,0
716,52.0,0,1,0.0,194.0,0,1
717,62.0,3,1,2.0,221.0,1,0
718,29.0,0,1,2.0,197.0,0,1
719,57.0,0,1,2.0,366.0,1,0
720,54.0,0,0,0.0,364.0,1,0
721,61.0,0,1,2.0,303.0,1,0
722,36.0,0,0,0.0,418.0,1,0
723,30.0,1,0,1.0,403.0,1,0
724,47.0,0,1,2.0,172.0,0,1
725,40.0,0,0,2.0,326.0,1,0
726,64.0,2,0,1.0,440.0,1,0
727,62.0,1,1,0.0,357.0,1,0
728,45.0,2,1,1.0,270.09,0,1
729,43.0,3,0,0.0,160.0,0,1
730,61.0,3,0,0.0,378.0,1,0
731,57.0,2,1,2.0,219.0,0,1
732,44.0,2,1,2.0,178.0,0,1
733,43.0,1,1,1.0,377.0,1,0
734,41.0,2,1,0.0,174.0,0,1
735,35.0,3,0,2.0,444.0,1,0
736,57.0,0,0,0.0,151.0,0,1
737,25.0,0,0,1.0,413.0,1,0
738,31.0,3,1,1.0,427.0,1,0
739,43.0,0,0,0.0,450.0,1,0
740,50.0,3,0,2.0,229.0,1,0
741,55.0,0,0,0.0,140.0,0,1
742,49.0,1,1,0.0,314.0,1,0
743,60.0,1,1,1.0,191.0,0,1
744,25.0,2,0,0.0,169.0,0,1
745,28.0,2,0,2.0,160.0,0,1
746,41.0,0,0,0.0,303.0,1,0
747,37.0,1,0,0.0,418.0,1,0
748,50.0,3,0,0.0,347.0,1,0
749,52.0,3,1,1.0,230.0,1,0
750,34.0,3,1,1.0,163.0,0,1
751,32.0,1,1,2.0,373.0,1,0
752,51.0,0,0,2.0,251.0,1,0
753,46.0,1,1,1.0,355.0,1,0
754,42.0,2,1,0.0,404.0,1,0
755,38.0,0,1,1.0,159.0,0,1
756,40.0,2,0,2.0,353.0,1,0
757,55.0,1,0,0.0,423.0,1,0
758,43.0,1,0,1.0,151.0,0,1
759,55.0,2,0,2.0,397.0,1,0
760,43.0,1,0,0.0,400.0,1,0
761,61.0,1,1,0.0,186.0,0,1
762,59.0,0,0,0.0,190.0,0,1
763,53.0,3,1,2.0,286.0,1,0
764,45.0,3,0,0.0,151.0,0,1
765,63.0,0,1,2.0,341.0,1,0
766,43.0,3,0,0.0,384.0,1,0
767,32.0,3,1,1.0,293.0,1,0
768,35.0,2,1,1.0,357.0,1,0
769,60.0,2,1,1.0,414.0,1,0
770,64.0,0,1,2.0,206.0,0,1
771,24.0,1,1,2.0,181.0,0,1
772,54.0,0,1,0.0,188.0,0,1
773,31.0,0,1,1.0,379.0,1,0
774,28.0,1,1,2.0,291.0,1,0
775,40.0,1,1,2.0,348.0,1,0
776,43.0,1,0,0.0,418.0,1,0
777,30.0,3,0,0.0,380.0,1,0
778,57.0,0,0,2.0,391.0,1,0
779,38.0,2,1,0.0,310.0,1,0
780,42.0,1,0,0.0,402.0,1,0
781,60.0,2,1,2.0,299.0,1,0
782,26.0,1,0,2.0,301.0,1,0
783,63.0,1,1,2.0,402.0,1,0
784,50.0,2,1,1.0,250.0,1,0
785,57.0,0,0,1.0,150.0,0,1
786,64.0,2,0,2.0,408.0,1,0
787,41.0,0,0,1.0,436.0,1,0
788,30.0,2,0,0.0,417.0,1,0
789,38.0,0,1,0.0,254.0,1,0
790,52.0,0,0,1.0,421.0,1,0
791,41.0,1,1,0.0,317.0,1,0
792,57.0,0,1,0.0,340.0,1,0
793,55.0,0,1,1.0,380.0,1,0
794,55.0,0,0,1.0,173.0,0,1
795,36.0,1,0,2.0,336.0,1,0
796,37.0,0,1,0.0,193.0,0,1
797,36.0,3,0,0.0,133.0,0,1
798,31.0,2,1,0.0,213.0,0,1
799,51.0,1,1,0.0,288.0,1,0
800,62.0,0,0,0.0,430.0,1,0
801,52.0,0,0,1.0,369.0,1,0
802,32.0,1,0,2.0,184.0,0,1
803,49.0,3,1,0.0,241.0,1,0
804,51.0,1,0,0.0,299.0,1,0
805,26.0,2,0,2.0,374.0,1,0
806,27.0,3,1,0.0,382.0,1,0
807,41.0,1,0,0.0,259.0,1,0
808,38.0,0,1,1.0,335.0,1,0
809,35.0,2,0,1.0,282.0,1,0
810,61.0,0,0,1.0,285.0,1,0
811,63.0,3,1,1.0,425.0,1,0
812,31.0,1,1,1.0,324.0,1,0
813,40.0,3,1,0.0,426.0,1,0
814,61.0,3,1,0.0,443.0,1,0
815,53.0,2,0,1.0,236.0,1,0
816,37.0,2,0,0.0,362.0,1,0
817,55.0,0,0,0.0,349.0,1,0
818,46.0,0,1,2.0,447.0,1,0
819,48.0,0,0,2.0,447.0,1,0
820,26.0,0,1,2.0,306.0,1,0
821,34.0,1,0,2.0,233.0,1,0
822,35.0,1,0,0.0,254.0,1,0
823,55.0,1,0,2.0,203.0,0,1
824,25.0,0,0,0.0,369.0,1,0
825,63.0,2,0,0.0,199.0,0,1
826,49.0,2,0,1.0,437.0,1,0
827,34.0,1,0,2.0,418.0,1,0
828,65.0,1,1,1.0,257.0,1,0
829,57.0,3,0,0.0,162.0,0,1
830,41.0,3,1,2.0,422.0,1,0
831,44.0,1,0,1.0,351.0,1,0
832,55.0,3,0,1.0,274.0,1,0
833,26.0,3,1,0.0,178.0,0,1
834,25.0,3,1,2.0,429.0,1,0
835,55.0,1,1,2.0,296.0,1,0
836,47.0,0,0,2.0,301.0,1,0
837,28.0,1,0,2.0,449.0,1,0
838,37.0,0,0,1.0,369.0,1,0
839,37.0,3,0,2.0,346.0,1,0
840,27.0,0,0,1.0,279.0,1,0
841,37.0,3,0,2.0,392.0,1,0
842,38.0,3,1,1.0,193.0,0,1
843,53.0,2,0,0.0,353.0,1,0
844,34.0,3,0,1.0,312.0,1,0
845,32.0,1,0,1.0,249.0,1,0
846,60.0,1,1,1.0,255.0,1,0
847,25.0,0,0,1.0,248.0,1,0
848,30.0,1,1,2.0,354.0,1,0
849,50.0,3,0,2.0,154.0,0,1
850,49.0,0,1,0.0,261.0,1,0
851,30.0,3,1,1.0,215.0,0,1
852,45.0,0,0,0.0,187.0,0,1
853,48.0,1,1,0.0,314.0,1,0
854,58.0,3,1,1.0,388.0,1,0
855,62.0,1,0,1.0,246.0,1,0
856,55.0,2,0,0.0,399.0,1,0
857,52.0,1,1,0.0,321.0,1,0
858,35.0,0,0,1.0,337.0,1,0
859,63.0,3,1,2.0,404.0,1,0
860,26.0,1,1,0.0,347.0,1,0
861,48.0,2,1,2.0,309.0,1,0
862,43.0,0,0,2.0,348.0,1,0
863,36.0,2,0,1.0,319.0,1,0
864,60.0,2,1,1.0,394.0,1,0
865,43.0,3,0,1.0,146.0,0,1
866,30.0,2,1,0.0,213.0,0,1
867,48.0,3,1,2.0,180.0,0,1
868,32.0,0,1,1.0,229.0,1,0
869,45.0,0,0,0.0,206.0,0,1
870,51.0,3,0,1.0,194.0,0,1
871,39.0,2,0,0.0,394.0,1,0
872,54.0,0,1,2.0,185.0,0,1
873,65.0,2,0,2.0,214.0,0,1
874,40.0,1,1,1.0,418.0,1,0
875,29.0,3,0,0.0,427.0,1,0
876,43.0,1,0,0.0,206.0,0,1
877,40.0,0,1,2.0,153.0,0,1
878,24.0,1,1,1.0,434.0,1,0
879,54.0,3,1,0.0,389.0,1,0
880,56.0,2,0,1.0,162.0,0,1
881,51.0,3,1,0.0,258.0,1,0
882,35.0,0,0,0.0,204.0,0,1
883,36.0,2,1,0.0,315.0,1,0
884,26.0,1,0,0.0,146.0,0,1
885,57.0,0,1,1.0,225.0,1,0
886,62.0,2,1,2.0,166.0,0,1
887,62.0,2,1,2.0,348.0,1,0
888,36.0,3,0,1.0,247.0,1,0
889,40.0,3,1,2.0,144.0,0,1
890,34.0,0,0,0.0,233.0,1,0
891,30.0,3,0,0.0,401.0,1,0
892,52.0,1,1,1.0,379.0,1,0
893,51.0,0,1,0.0,390.0,1,0
894,36.0,1,1,2.0,308.0,1,0
895,33.0,2,1,1.0,359.0,1,0
896,61.0,0,1,1.0,435.0,1,0
897,36.0,2,1,2.0,272.0,1,0
898,25.0,0,1,1.0,165.0,0,1
899,60.0,1,0,0.0,329.0,0,1
900,37.0,0,0,1.0,301.0,0,1
901,32.0,0,1,2.0,418.0,1,0
902,36.0,1,1,2.0,445.0,1,0
903,29.0,2,1,2.0,387.0,1,0
904,29.0,0,0,2.0,305.0,0,1
905,56.0,3,0,1.0,337.0,1,0
906,59.0,3,0,0.0,352.0,1,0
907,42.0,3,0,0.0,323.0,1,0
908,51.0,0,1,2.0,358.0,1,0
909,32.0,0,1,0.0,266.0,1,0
910,28.0,0,1,0.0,348.0,1,0
911,61.0,0,0,1.0,346.0,1,0
912,60.0,3,1,1.0,360.0,1,0
913,52.0,1,1,1.0,285.0,1,0
914,42.0,3,0,1.0,258.0,1,0
915,55.0,1,1,2.0,360.0,1,0
916,44.0,3,0,2.0,257.0,1,0
917,25.0,0,0,2.0,221.0,1,0
918,30.0,3,0,1.0,219.0,0,1
919,29.0,2,1,0.0,189.0,0,1
920,53.0,3,0,2.0,302.0,1,0
921,54.0,1,1,1.0,370.0,1,0
922,58.0,3,1,1.0,234.0,1,0
923,62.0,1,1,1.0,430.0,1,0
924,28.0,1,1,1.0,418.0,1,0
925,32.0,0,1,2.0,382.0,1,0
926,59.0,0,0,2.0,140.0,0,1
927,32.0,3,1,0.0,292.0,1,0
928,44.0,3,1,0.0,155.0,0,1
929,64.0,1,1,1.0,420.0,1,0
930,43.0,0,1,2.0,223.0,1,0
931,28.0,3,1,1.0,287.0,1,0
932,31.0,3,1,2.0,335.0,1,0
933,39.0,0,1,0.0,401.0,1,0
934,30.0,2,1,2.0,128.0,0,1
935,29.0,3,0,1.0,354.0,1,0
936,57.0,0,1,1.0,209.0,0,1
937,31.0,0,1,0.0,183.0,0,1
938,44.0,3,0,1.0,330.0,1,0
939,64.0,0,0,0.0,186.0,0,1
940,29.0,2,0,0.0,300.0,1,0
941,36.0,3,1,0.0,404.0,1,0
942,40.0,0,0,0.0,265.0,1,0
943,41.0,3,1,1.0,167.0,0,1
944,35.0,1,1,2.0,176.0,0,1
945,35.0,0,0,2.0,134.0,0,1
946,64.0,1,1,0.0,262.0,1,0
947,32.0,1,0,0.0,272.0,1,0
948,39.0,2,1,1.0,377.0,1,0
949,55.0,3,0,1.0,399.0,1,0
950,37.0,2,1,0.0,346.0,1,0
951,60.0,2,0,0.0,376.0,1,0
952,53.0,2,1,2.0,232.0,1,0
953,49.0,3,1,1.0,225.0,1,0
954,46.0,2,0,1.0,350.0,1,0
955,29.0,3,1,2.0,181.0,0,1
956,63.0,1,1,2.0,419.0,1,0
957,47.0,1,0,0.0,177.0,0,1
958,31.0,2,0,0.0,136.0,0,1
959,46.0,2,0,0.0,285.0,1,0
960,60.0,2,1,1.0,318.0,1,0
961,47.0,3,1,1.0,125.0,0,1
962,25.0,0,1,0.0,127.0,0,1
963,65.0,2,0,0.0,155.0,0,1
964,29.0,3,0,0.0,401.0,1,0
965,32.0,0,1,2.0,140.0,0,1
966,58.0,3,1,2.0,213.0,0,1
967,55.0,1,0,1.0,130.0,0,1
968,33.0,2,0,2.0,145.0,0,1
969,48.0,2,0,0.0,259.0,1,0
970,45.0,3,0,1.0,345.0,1,0
971,51.0,2,0,2.0,134.0,0,1
972,63.0,0,0,2.0,428.0,1,0
973,24.0,3,0,1.0,281.0,1,0
974,61.0,0,1,1.0,330.0,1,0
975,40.0,2,1,2.0,229.0,1,0
976,46.0,1,1,1.0,355.0,1,0
977,34.0,2,0,1.0,330.0,1,0
978,53.0,3,1,0.0,293.0,1,0
979,38.0,2,1,1.0,154.0,0,1
980,63.0,2,1,2.0,400.0,1,0
981,35.0,0,1,0.0,407.0,1,0
982,51.0,2,0,0.0,125.0,0,1
983,51.0,0,1,2.0,446.0,1,0
984,48.0,0,0,1.0,295.0,1,0
985,37.0,1,1,2.0,157.0,0,1
986,45.0,1,0,0.0,162.0,0,1
987,49.0,0,0,2.0,261.0,1,0
988,31.0,3,0,0.0,150.0,0,1
989,51.0,2,0,1.0,228.0,1,0
990,51.0,1,0,2.0,419.0,1,0
991,35.0,1,0,2.0,215.0,0,1
992,52.0,0,0,0.0,252.0,1,0
993,62.0,3,0,0.0,401.0,1,0
994,25.0,2,0,0.0,208.0,0,1
995,47.0,3,0,1.0,135.0,0,1
996,51.0,0,1,2.0,293.0,1,0
997,61.0,1,0,2.0,275.0,1,0
998,45.0,1,0,0.0,406.0,1,0
999,48.0,0,1,2.0,432.0,1,0
1000,40.0,3,1,1.0,380.0,1,0
